id_pedido,fecha_pedido,rut_cliente,nombre_cliente,region,producto,categoria,cantidad,precio_unitario,descuento_pct,estado_pedido,fecha_despacho,total_venta,segmento_precio
1,2024-02-22,21956909-9,Paula Mendez,Maule,Polera Oversize Zara,Moda,5.0,4990,105.0,pendiente,,-1247.5,Bajo
2,2024-01-04,8112034-6,Sofia Castro,Coquimbo,Smart TV 43 LG,Tecnologia,4.0,49990,13.5,despachado,2024-03-22,172965.4,Medio
3,2024-07-12,7333883,Valentina Torres,Metropolitana,Purificador Aire Xiaomi,Hogar,1.0,29990,21.9,entregado,2024-10-09,23422.19,Medio
4,2024-07-05,10742460,Valentina Torres,,Hervidor Electrico Oster,Hogar,2.0,19990,11.4,entregado,2024-07-08,35422.28,Medio
5,2024-10-12,18460856-4,Roberto Lopez,Valparaiso,Tablet Samsung A8,Tecnologia,5.0,49990,29.7,entregado,2024-12-16,175714.85,Medio
6,2024-08-22,24580115-6,Valentina Torres,Valparaiso,Parka Impermeable North Face,Moda,8.0,19990,11.9,cancelado,,140889.52,Medio
7,2024-03-19,20705148-8,Paula Mendez,Maule,Smart TV 43 LG,Tecnologia,2.0,79990,22.7,cancelado,,123664.54,Alto
8,2024-06-23,21796882,Renata Campos,Metropolitana,Mouse Inalambrico Logitech,Tecnologia,9.0,199990,22.5,entregado,2024-05-30,1394930.25,Alto
9,2024-03-23,15318461-3,Valentina Torres,OHiggins,Auriculares Sony WH1000,Tecnologia,9.0,199990,18.3,despachado,2024-09-28,1470526.47,Alto
10,2024-09-29,12106768,Tomas Espinoza,Coquimbo,Polera Oversize Zara,Moda,8.0,9990,24.5,cancelado,,60339.6,Bajo
11,2024-03-02,6975475-3,Cristobal Avila,,Auriculares Sony WH1000,Tecnologia,6.0,49990,13.1,entregado,2024-04-25,260647.86,Medio
12,2024-04-19,18658665-3,Ana Martinez,OHiggins,Webcam Logitech C920,Tecnologia,9.0,9990,7.1,entregado,2024-03-08,83526.39,Bajo
13,2024-01-28,8666460-3,Roberto Lopez,Maule,Vestido Floral H&M,Moda,7.0,39990,12.3,cancelado,,245498.61,Medio
14,2024-02-08,21295412-7,Antonella Bustos,Araucania,Zapatillas Adidas Ultraboost,Tecnologia,7.0,14990,5.5,entregado,2024-10-08,99158.85,Medio
15,2024-08-20,11371915-4,Maria Gonzalez,Biobio,Aspiradora Robot Xiaomi,Hogar,7.0,14990,0.1,entregado,2024-08-04,104825.07,Medio
16,2024-09-14,12892133-6,Cristobal Avila,Coquimbo,Gorra New Era,Moda,6.0,4990,1.7,entregado,2024-09-28,29431.02,Bajo
17,2024-12-02,13912544-6,Javiera Vega,OHiggins,Chaqueta Parka Columbia,Moda,10.0,149990,1.2,pendiente,,1481901.2,Alto
18,2024-01-05,9444504-5,Cristobal Avila,Araucania,Bolso Cuero Sintético,Moda,6.0,79990,27.9,cancelado,,346036.74,Alto
19,2024-06-03,9506062-4,Cristobal Avila,OHiggins,Webcam Logitech C920,Tecnologia,3.0,29990,13.1,entregado,2024-11-30,78183.93,Medio
20,2024-06-24,8097022-K,Gabriel Molina,Valparaiso,Smart TV 43 LG,Tecnologia,5.0,14990,8.5,despachado,2024-12-17,68579.25,Medio
21,2024-05-14,10001431-8,Gabriel Molina,Valparaiso,Aspiradora Robot Xiaomi,Hogar,-1.0,4990,23.1,entregado,,-3837.31,Bajo
22,2024-07-05,16867485-8,Daniela Rios,Coquimbo,Purificador Aire Xiaomi,Hogar,3.0,99990,12.9,pendiente,,261273.87,Alto
23,2024-07-30,13327110-4,Fernanda Pizarro,Metropolitana,Jeans Skinny Levi's,Moda,3.0,19990,29.3,entregado,2024-04-01,42398.79,Medio
24,2024-08-23,14348367-1,Sofia Castro,Biobio,Polera Oversize Zara,Moda,1.0,49990,25.8,despachado,2024-06-05,37092.58,Medio
25,2024-05-13,15525264,Sebastian Herrera,Valparaiso,Gorra New Era,Moda,0.0,49990,9.9,pendiente,,0.0,Medio
26,2024-01-01,16079674-9,Javiera Vega,OHiggins,Disco SSD 500GB,Tecnologia,4.0,149990,7.6,entregado,2024-10-02,554363.04,Alto
27,2024-12-22,24096003-4,Paula Mendez,Biobio,Auriculares Sony WH1000,Moda,5.0,99990,20.0,despachado,2024-10-10,399960.0,Alto
28,2024-12-01,10693898-K,Camila Sanchez,Biobio,Auriculares Sony WH1000,Tecnologia,4.0,29990,12.9,entregado,2024-08-26,104485.16,Medio
29,2024-12-10,20281230,Ignacio Flores,Biobio,Perfume Hugo Boss,Moda,-3.0,39990,24.6,entregado,2024-04-25,-90457.38,Medio
30,2024-01-03,23703434-3,Matias Silva,Coquimbo,Disco SSD 500GB,Tecnologia,7.0,79990,7.3,entregado,2024-02-24,519055.11,Alto
31,2024-08-14,20101835-4,Gabriel Molina,OHiggins,Tablet Samsung A8,Tecnologia,9.0,199990,29.6,entregado,2024-09-15,1267136.64,Alto
32,2024-02-09,17852531,Roberto Lopez,Maule,Bolso Cuero Sintético,Moda,8.0,99990,18.8,despachado,2024-05-26,649535.04,Alto
33,2024-04-15,16803066-4,Antonella Bustos,Coquimbo,Disco SSD 500GB,Tecnologia,6.0,49990,-5.0,entregado,2024-08-03,314937.0,Medio
34,2024-05-19,9282478,Juan Perez,Araucania,Freidora de Aire Ultracomb,Hogar,10.0,99990,26.9,entregado,2024-09-05,730926.9,Alto
35,2024-08-24,14336742-6,Gabriel Molina,Valparaiso,Purificador Aire Xiaomi,Hogar,1.0,149990,2.5,entregado,2024-01-26,146240.25,Alto
36,2024-04-24,10113103-3,Constanza Rojas,,Tablet Samsung A8,Tecnologia,9.0,4990,1.6,cancelado,,44191.44,Bajo
37,2024-07-07,8627192-9,Renata Campos,Valparaiso,Polera Oversize Zara,Moda,4.0,149990,14.0,despachado,2024-11-06,515965.6,Alto
38,2024-02-08,9061933-9,Sofia Castro,OHiggins,Purificador Aire Xiaomi,Hogar,7.0,199990,11.9,entregado,2024-12-19,1233338.33,Alto
39,2024-01-07,10133531-6,Catalina Nunez,Coquimbo,Vestido Floral H&M,Moda,6.0,199990,2.1,entregado,2024-08-03,1174741.26,Alto
40,2024-10-30,20593028,Javiera Vega,Biobio,Bolso Cuero Sintético,Moda,9.0,149990,23.2,entregado,2024-06-14,1036730.88,Alto
41,2024-04-18,11410789-1,Catalina Nunez,,Lampara LED de Escritorio,Hogar,8.0,4990,25.5,despachado,2024-05-12,29740.4,Bajo
42,2024-09-08,23571470-8,Isabela Reyes,Araucania,Cafetera De Longhi,Tecnologia,4.0,99990,20.7,entregado,2024-01-09,317168.28,Alto
43,2024-05-08,11427048,Constanza Rojas,Valparaiso,Gorra New Era,Moda,6.0,39990,21.1,despachado,2024-03-02,189312.66,Medio
44,2024-04-09,6829589-8,Tomas Espinoza,,Purificador Aire Xiaomi,Hogar,0.0,99990,8.5,pendiente,,0.0,Alto
45,2024-08-13,21500276,Nicolas Alvarez,,Tablet Samsung A8,Tecnologia,1.0,9990,17.2,entregado,,8271.72,Bajo
46,2024-02-13,20116756-7,Antonella Bustos,Valparaiso,Zapatillas Nike Air Max,Moda,3.0,14990,24.3,cancelado,,34042.29,Medio
47,2024-02-20,10252363-0,Matias Silva,Coquimbo,Vestido Floral H&M,Moda,10.0,29990,18.6,entregado,2024-04-16,244118.6,Medio
48,2024-05-24,11637711-6,Paula Mendez,Maule,Perfume Hugo Boss,Tecnologia,5.0,79990,1.0,despachado,2024-08-20,395950.5,Alto
49,2024-06-06,14135066,Constanza Rojas,OHiggins,Teclado Mecanico Redragon,Tecnologia,3.0,29990,2.1,despachado,2024-10-18,88080.63,Medio
50,2024-11-05,10878425,Nicolas Alvarez,,Hervidor Electrico Oster,Tecnologia,1.0,149990,26.7,entregado,2024-01-14,109942.67,Alto
51,2024-02-16,21625181,Diego Morales,Araucania,Licuadora Oster 600W,Hogar,10.0,14990,13.1,entregado,2024-06-27,130263.1,Medio
52,2024-07-25,22395939,Alejandro Fuentes,,Zapatillas Nike Air Max,Moda,2.0,79990,9.4,despachado,2024-09-20,144941.88,Alto
53,2024-05-27,10314289,Juan Perez,Araucania,Cafetera De Longhi,Hogar,0.0,4990,8.0,pendiente,,0.0,Bajo
54,2024-08-24,18941542-7,Valentina Torres,Metropolitana,Vestido Floral H&M,Moda,4.0,9990,29.8,cancelado,,28051.92,Bajo
55,2024-03-10,5086075,Camila Sanchez,Coquimbo,Freidora de Aire Ultracomb,Hogar,7.0,14990,5.7,entregado,2024-02-05,98948.99,Medio
56,2024-09-04,13012984-9,Valentina Torres,Biobio,Perfume Hugo Boss,Moda,8.0,199990,26.0,entregado,2024-06-19,1183940.8,Alto
57,2024-07-16,8367677-7,Sebastian Herrera,Maule,Aspiradora Robot Xiaomi,Hogar,0.0,39990,21.2,entregado,2024-11-29,0.0,Medio
58,2024-02-08,16024831,Diego Morales,Araucania,Aspiradora Robot Xiaomi,Hogar,7.0,14990,26.1,cancelado,,77543.27,Medio
59,2024-12-16,19887381,Camila Sanchez,Biobio,Cafetera De Longhi,Hogar,1.0,99990,18.5,despachado,2024-04-26,81491.85,Alto
60,2024-03-15,17836056,Valentina Torres,Valparaiso,Notebook Lenovo IdeaPad,Tecnologia,1.0,39990,8.8,entregado,2024-09-28,36470.88,Medio
61,2024-05-10,16595258-9,Nicolas Alvarez,,Purificador Aire Xiaomi,Hogar,4.0,14990,13.8,despachado,2024-01-05,51685.52,Medio
62,2024-09-04,18281036-4,Ignacio Flores,,Licuadora Oster 600W,Hogar,5.0,79990,6.0,entregado,2024-05-01,375953.0,Alto
63,2024-04-27,9589549-K,Cristobal Avila,OHiggins,Zapatillas Nike Air Max,Moda,8.0,149990,25.0,cancelado,,899940.0,Alto
64,2024-03-08,17276141,Renata Campos,Metropolitana,Zapatillas Nike Air Max,Moda,8.0,29990,1.0,entregado,2024-05-31,237520.8,Medio
65,2024-06-22,18334916-8,Pedro Muñoz,Coquimbo,Plancha a Vapor Philips,Hogar,8.0,29990,29.0,despachado,2024-02-28,170343.2,Medio
66,2024-12-10,23837705,Valentina Torres,Biobio,Aspiradora Robot Xiaomi,Hogar,9.0,29990,3.7,entregado,2024-10-26,259923.33,Medio
67,2024-07-28,9552130-6,Sofia Castro,Metropolitana,Polera Oversize Zara,Tecnologia,8.0,199990,27.3,despachado,2024-03-12,1163141.84,Alto
68,2024-07-31,12290360-7,Valentina Torres,Maule,Gorra New Era,Moda,10.0,49990,22.3,despachado,2024-02-20,388422.3,Medio
69,2024-07-02,12117090,Daniela Rios,Metropolitana,Hervidor Electrico Oster,Hogar,6.0,199990,16.3,cancelado,,1004349.78,Alto
70,2024-04-15,24997825-0,Antonella Bustos,Metropolitana,Notebook Lenovo IdeaPad,Tecnologia,4.0,39990,29.7,entregado,2024-10-10,112451.88,Medio
71,2024-01-14,7132653-7,Alejandro Fuentes,Valparaiso,Teclado Mecanico Redragon,Tecnologia,-3.0,99990,-5.0,pendiente,,-314968.5,Alto
72,2024-11-10,18476038,Ana Martinez,Metropolitana,Freidora de Aire Ultracomb,Hogar,2.0,149990,13.6,despachado,2024-12-03,259182.72,Alto
73,2024-03-05,14895126,Daniela Rios,Biobio,Cafetera De Longhi,Hogar,2.0,9990,9.7,pendiente,,18041.94,Bajo
74,2024-08-19,13552682-5,Javiera Vega,Valparaiso,Hervidor Electrico Oster,Hogar,9.0,9990,21.6,despachado,2024-07-30,70489.44,Bajo
75,2024-07-09,16864782-K,Antonella Bustos,Coquimbo,Hervidor Electrico Oster,Tecnologia,2.0,9990,2.8,pendiente,,19420.56,Bajo
76,2024-09-16,8854911,Valentina Torres,Valparaiso,Zapatillas Nike Air Max,Moda,10.0,29990,9.4,pendiente,,271709.4,Medio
77,2024-11-07,5204876-2,Ignacio Flores,Maule,Freidora de Aire Ultracomb,Hogar,10.0,149990,20.2,entregado,2024-12-21,1196920.2,Alto
78,2024-02-16,15884483,Pedro Muñoz,Maule,Vestido Floral H&M,Moda,3.0,9990,22.2,cancelado,,23316.66,Bajo
79,2024-08-14,16582079-6,Camila Sanchez,Maule,Teclado Mecanico Redragon,Tecnologia,10.0,14990,1.5,pendiente,,147651.5,Medio
80,2024-07-21,16009959-1,Constanza Rojas,OHiggins,Perfume Hugo Boss,Tecnologia,9.0,79990,20.0,pendiente,,575928.0,Alto
81,2024-09-13,7612635,Isabela Reyes,OHiggins,Vestido Floral H&M,Moda,3.0,14990,105.0,entregado,2024-12-08,-2248.5,Medio
82,2024-06-15,19618878-9,Sebastian Herrera,Valparaiso,Vestido Floral H&M,Moda,7.0,199990,8.7,entregado,2024-11-12,1278136.09,Alto
83,2024-02-09,9955648-3,Carlos Rodriguez,OHiggins,Disco SSD 500GB,Tecnologia,6.0,29990,6.6,entregado,2024-11-20,168063.96,Medio
84,2024-02-08,23941201,Daniela Rios,Valparaiso,Microondas Mabe 20L,Hogar,10.0,14990,4.6,entregado,,143004.6,Medio
85,2024-06-04,17372780-4,Nicolas Alvarez,,Lampara LED de Escritorio,Hogar,8.0,14990,2.0,entregado,2024-05-20,117521.6,Medio
86,2024-01-22,8472946,Pedro Muñoz,,Pendrive 64GB Kingston,Tecnologia,9.0,149990,11.5,entregado,2024-10-19,1194670.35,Alto
87,2024-09-25,6757095,Andres Vargas,OHiggins,Jeans Skinny Levi's,Moda,4.0,4990,21.2,cancelado,,15728.48,Bajo
88,2024-12-02,18151927,Tomas Espinoza,OHiggins,Webcam Logitech C920,Tecnologia,9.0,9990,20.4,despachado,2024-03-17,71568.36,Bajo
89,2024-03-06,19207160-8,Juan Perez,Maule,Auriculares Sony WH1000,Tecnologia,7.0,99990,19.3,despachado,2024-12-25,564843.51,Alto
90,2024-04-08,22667469,Andres Vargas,Valparaiso,Licuadora Oster 600W,Hogar,4.0,14990,10.3,entregado,2024-03-11,53784.12,Medio
91,2024-12-20,12970190,Camila Sanchez,Coquimbo,Jeans Skinny Levi's,Moda,7.0,149990,4.6,despachado,2024-11-15,1001633.22,Alto
92,2024-08-28,17813512,Isabela Reyes,Coquimbo,Zapatillas Adidas Ultraboost,Moda,9.0,19990,7.2,cancelado,,166956.48,Medio
93,2024-09-03,7814382-2,Matias Silva,Coquimbo,Monitor Samsung 24,Tecnologia,3.0,149990,26.2,pendiente,,332077.86,Alto
94,2024-08-18,12534270-0,Renata Campos,Biobio,Jeans Skinny Levi's,Moda,2.0,49990,28.4,despachado,2024-01-14,71585.68,Medio
95,2024-08-29,5637664-4,Gabriel Molina,Maule,Webcam Logitech C920,Tecnologia,3.0,14990,1.1,cancelado,,44475.33,Medio
96,2024-05-01,21771485,Juan Perez,Biobio,Smart TV 43 LG,Moda,9.0,149990,12.7,entregado,2024-03-03,1178471.43,Alto
97,2024-01-01,7270941,Sebastian Herrera,OHiggins,Gorra New Era,Moda,4.0,149990,21.6,despachado,2024-06-29,470368.64,Alto
98,2024-07-17,8478382,Alejandro Fuentes,Biobio,Gorra New Era,Moda,7.0,4990,26.2,pendiente,,25778.34,Bajo
99,2024-03-30,20357178-0,Roberto Lopez,,Plancha a Vapor Philips,Hogar,6.0,4990,16.4,entregado,2024-12-16,25029.84,Bajo
100,2024-10-05,17348674-6,Catalina Nunez,Araucania,Monitor Samsung 24,Tecnologia,6.0,4990,150.0,entregado,2024-05-09,-14970.0,Bajo
101,2024-09-22,15778067-1,Andres Vargas,Biobio,Set Cuchillos Tramontina,Hogar,3.0,39990,14.9,entregado,2024-02-12,102094.47,Medio
102,2024-12-19,6924617,Nicolas Alvarez,Araucania,Bolso Cuero Sintético,Moda,8.0,29990,18.1,entregado,2024-06-28,196494.48,Medio
103,2024-11-07,17846461-9,Daniela Rios,Maule,Lampara LED de Escritorio,Hogar,3.0,99990,28.6,pendiente,,214178.58,Alto
104,2024-03-11,11242736,Diego Morales,,Tablet Samsung A8,Tecnologia,6.0,39990,13.3,pendiente,,208027.98,Medio
105,2024-11-09,19935453,Antonella Bustos,Biobio,Polera Oversize Zara,Moda,5.0,29990,21.1,despachado,2024-12-21,118310.55,Medio
106,2024-03-21,11743782-2,Fernanda Pizarro,Maule,Lampara LED de Escritorio,Hogar,9.0,9990,16.3,cancelado,,75254.67,Bajo
107,2024-10-09,18783996,Pedro Muñoz,Valparaiso,Aspiradora Robot Xiaomi,Hogar,9.0,39990,17.2,entregado,2024-11-09,298005.48,Medio
108,2024-06-25,6859346,Carlos Rodriguez,Valparaiso,Webcam Logitech C920,Tecnologia,2.0,199990,13.5,entregado,,345982.7,Alto
109,2024-09-22,22900552,Nicolas Alvarez,Biobio,Plancha a Vapor Philips,Hogar,6.0,14990,28.0,despachado,2024-02-10,64756.8,Medio
110,2024-11-05,12073555-9,Daniela Rios,Biobio,Pendrive 64GB Kingston,Tecnologia,3.0,149990,5.1,entregado,2024-10-15,427021.53,Alto
111,2024-09-04,19750712-6,Matias Silva,,Zapatillas Nike Air Max,Moda,9.0,79990,8.7,cancelado,,657277.83,Alto
112,2024-06-25,20085938-3,Ana Martinez,Araucania,Webcam Logitech C920,Tecnologia,3.0,149990,9.4,entregado,2024-03-07,407672.82,Alto
113,2024-03-22,22271299-7,Cristobal Avila,Coquimbo,Auriculares Sony WH1000,Tecnologia,10.0,49990,12.5,cancelado,,437412.5,Medio
114,2024-05-03,20790274,Juan Perez,Valparaiso,Cafetera De Longhi,Hogar,2.0,4990,28.4,entregado,,7145.68,Bajo
115,2024-07-06,23450142,Javiera Vega,Metropolitana,Disco SSD 500GB,Tecnologia,5.0,14990,21.8,entregado,2024-07-24,58610.9,Medio
116,2024-06-22,9598177-5,Sebastian Herrera,,Polera Oversize Zara,Moda,2.0,14990,11.8,entregado,2024-07-06,26442.36,Medio
117,2024-06-12,22103167-8,Tomas Espinoza,Valparaiso,Plancha a Vapor Philips,Hogar,9.0,149990,4.2,cancelado,,1293213.78,Alto
118,2024-08-01,24410377-9,Catalina Nunez,OHiggins,Bolso Cuero Sintético,Moda,1.0,79990,-5.0,entregado,2024-06-06,83989.5,Alto
119,2024-07-13,19051935-2,Tomas Espinoza,Valparaiso,Pendrive 64GB Kingston,Tecnologia,3.0,79990,15.7,entregado,2024-12-14,202294.71,Alto
120,2024-02-01,10811037,Andres Vargas,Maule,Disco SSD 500GB,Tecnologia,10.0,99990,27.6,cancelado,,723927.6,Alto
121,2024-05-06,21408220-5,Sofia Castro,Biobio,Parka Impermeable North Face,Moda,5.0,199990,18.3,despachado,2024-10-12,816959.15,Alto
122,2024-07-21,16622030,Francisco Diaz,Coquimbo,Bolso Cuero Sintético,Moda,2.0,29990,17.2,entregado,2024-06-25,49663.44,Medio
123,2024-10-14,6761309-1,Andres Vargas,Maule,Zapatillas Adidas Ultraboost,Tecnologia,4.0,19990,24.8,despachado,2024-05-19,60129.92,Medio
124,2024-03-21,15776599,Maria Gonzalez,Araucania,Zapatillas Adidas Ultraboost,Moda,3.0,9990,0.2,entregado,2024-11-30,29910.06,Bajo
125,2024-01-20,11251580-4,Juan Perez,Valparaiso,Pendrive 64GB Kingston,Tecnologia,9.0,19990,-5.0,cancelado,,188905.5,Medio
126,2024-08-20,8779798-5,Catalina Nunez,Maule,Purificador Aire Xiaomi,Hogar,2.0,149990,27.9,despachado,2024-10-05,216285.58,Alto
127,2024-10-17,7910436,Ana Martinez,Maule,Licuadora Oster 600W,Hogar,1.0,14990,22.1,entregado,2024-04-08,11677.21,Medio
128,2024-07-15,13776267-K,Tomas Espinoza,Valparaiso,Teclado Mecanico Redragon,Tecnologia,6.0,79990,28.1,pendiente,,345076.86,Alto
129,2024-12-17,12410470-3,Constanza Rojas,OHiggins,Notebook Lenovo IdeaPad,Tecnologia,2.0,199990,14.0,despachado,2024-12-26,343982.8,Alto
130,2024-08-29,7747111-8,Sebastian Herrera,Coquimbo,Tablet Samsung A8,Tecnologia,6.0,149990,12.5,entregado,2024-10-02,787447.5,Alto
131,2024-09-15,24567189-7,Cristobal Avila,Valparaiso,Parka Impermeable North Face,Moda,10.0,9990,3.4,entregado,2024-10-20,96503.4,Bajo
132,2024-10-15,12311554-9,Maria Gonzalez,Metropolitana,Zapatillas Adidas Ultraboost,Moda,8.0,4990,4.0,entregado,2024-10-13,38323.2,Bajo
133,2024-02-05,19105006-5,Matias Silva,Araucania,Lampara LED de Escritorio,Moda,9.0,9990,29.8,cancelado,,63116.82,Bajo
134,2024-03-01,5762870-4,Javiera Vega,Valparaiso,Set Cuchillos Tramontina,Hogar,9.0,9990,4.0,cancelado,,86313.6,Bajo
135,2024-08-23,19067380-9,Valentina Torres,Biobio,Gorra New Era,Moda,9.0,49990,11.4,despachado,2024-03-20,398620.26,Medio
136,2024-12-26,6893947,Camila Sanchez,Coquimbo,Mouse Inalambrico Logitech,Tecnologia,10.0,9990,1.0,entregado,2024-01-25,98901.0,Bajo
137,2024-06-13,23680360,Renata Campos,Valparaiso,Pendrive 64GB Kingston,Tecnologia,10.0,39990,17.9,entregado,2024-06-03,328317.9,Medio
138,2024-11-25,23049877-7,Antonella Bustos,Maule,Disco SSD 500GB,Tecnologia,8.0,99990,1.4,despachado,2024-07-14,788721.12,Alto
139,2024-08-01,17451294,Catalina Nunez,OHiggins,Auriculares Sony WH1000,Tecnologia,8.0,14990,27.4,entregado,2024-09-28,87061.92,Medio
140,2024-02-07,5514513-3,Catalina Nunez,Valparaiso,Notebook Lenovo IdeaPad,Tecnologia,7.0,29990,20.2,entregado,2024-10-27,167524.14,Medio
141,2024-05-02,22207267-7,Ana Martinez,OHiggins,Tablet Samsung A8,Tecnologia,10.0,19990,21.1,entregado,2024-06-13,157721.1,Medio
142,2024-10-15,14905009-2,Andres Vargas,Coquimbo,Zapatillas Adidas Ultraboost,Moda,4.0,39990,11.1,entregado,2024-04-23,142204.44,Medio
143,2024-12-16,16817071-2,Catalina Nunez,Biobio,Disco SSD 500GB,Tecnologia,4.0,149990,15.0,entregado,2024-05-11,509966.0,Alto
144,2024-09-25,12765616,Carlos Rodriguez,Metropolitana,Zapatillas Adidas Ultraboost,Moda,9.0,14990,105.0,cancelado,,-6745.5,Medio
145,2024-12-07,14218769-8,Juan Perez,,Monitor Samsung 24,Tecnologia,8.0,99990,11.2,entregado,2024-09-04,710328.96,Alto
146,2024-05-03,18624019,Valentina Torres,Valparaiso,Vestido Floral H&M,Moda,2.0,14990,27.5,entregado,2024-11-13,21735.5,Medio
147,2024-01-17,7774485-7,Nicolas Alvarez,Metropolitana,Chaqueta Parka Columbia,Moda,2.0,29990,19.6,cancelado,,48223.92,Medio
148,2024-12-20,6104000-2,Juan Perez,OHiggins,Purificador Aire Xiaomi,Hogar,9.0,9990,27.6,despachado,2024-08-31,65094.84,Bajo
149,2024-10-15,9695962,Catalina Nunez,Valparaiso,Pendrive 64GB Kingston,Tecnologia,7.0,14990,27.9,despachado,2024-10-17,75654.53,Medio
150,2024-11-05,20117955-7,Sofia Castro,Coquimbo,Aspiradora Robot Xiaomi,Hogar,7.0,9990,7.0,pendiente,,65034.9,Bajo
151,2024-02-13,10176673-6,Sofia Castro,Coquimbo,Vestido Floral H&M,Moda,3.0,49990,20.4,entregado,2024-11-12,119376.12,Medio
152,2024-02-22,16875392-8,Daniela Rios,,Mouse Inalambrico Logitech,Tecnologia,5.0,4990,13.3,entregado,2024-02-14,21631.65,Bajo
153,2024-02-13,9658699-4,Francisco Diaz,Maule,Parka Impermeable North Face,Moda,1.0,49990,8.8,entregado,2024-10-13,45590.88,Medio
154,2024-09-04,20363287-1,Camila Sanchez,Coquimbo,Plancha a Vapor Philips,Hogar,3.0,9990,13.0,entregado,2024-02-09,26073.9,Bajo
155,2024-08-13,11739457-7,Lucia Fernandez,Biobio,Disco SSD 500GB,Tecnologia,10.0,39990,11.4,cancelado,,354311.4,Medio
156,2024-06-15,23308274,Alejandro Fuentes,Araucania,Lampara LED de Escritorio,Hogar,8.0,29990,29.0,entregado,2024-05-23,170343.2,Medio
157,2024-12-20,19197818-6,Matias Silva,Metropolitana,Zapatillas Nike Air Max,Moda,4.0,79990,13.2,despachado,2024-07-28,277725.28,Alto
158,2024-12-20,7851520-1,Javiera Vega,Araucania,Zapatillas Adidas Ultraboost,Moda,7.0,149990,16.0,cancelado,,881941.2,Alto
159,2024-12-12,13681819,Catalina Nunez,,Parka Impermeable North Face,Moda,10.0,14990,1.3,cancelado,,147951.3,Medio
160,2024-08-25,7880809,Carlos Rodriguez,Coquimbo,Gorra New Era,Moda,10.0,149990,105.0,entregado,2024-12-13,-74995.0,Alto
161,2024-06-27,8861620-0,Nicolas Alvarez,Araucania,Licuadora Oster 600W,Hogar,8.0,39990,23.5,entregado,,244738.8,Medio
162,2024-10-13,5979530-9,Matias Silva,Araucania,Teclado Mecanico Redragon,Tecnologia,9.0,19990,5.2,despachado,2024-08-24,170554.68,Medio
163,2024-12-26,8823694,Antonella Bustos,Coquimbo,Vestido Floral H&M,Moda,1.0,49990,21.1,despachado,2024-02-02,39442.11,Medio
164,2024-10-27,24802764,Carlos Rodriguez,Metropolitana,Freidora de Aire Ultracomb,Hogar,6.0,199990,17.9,entregado,2024-06-27,985150.74,Alto
165,2024-03-13,10812795-8,Constanza Rojas,OHiggins,Hervidor Electrico Oster,Hogar,5.0,19990,3.5,entregado,2024-07-17,96451.75,Medio
166,2024-07-02,18946243-7,Lucia Fernandez,Metropolitana,Plancha a Vapor Philips,Moda,6.0,14990,25.3,entregado,,67185.18,Medio
167,2024-10-02,24217094-1,Alejandro Fuentes,Biobio,Pendrive 64GB Kingston,Tecnologia,4.0,4990,8.8,despachado,2024-03-27,18203.52,Bajo
168,2024-04-21,13818615-5,Matias Silva,,Parka Impermeable North Face,Moda,1.0,99990,22.8,entregado,2024-02-22,77192.28,Alto
169,2024-11-08,24128520,Francisco Diaz,Maule,Monitor Samsung 24,Tecnologia,10.0,19990,20.7,cancelado,,158520.7,Medio
170,2024-10-20,6989304,Carlos Rodriguez,Biobio,Gorra New Era,Moda,6.0,14990,29.4,despachado,2024-09-20,63497.64,Medio
171,2024-12-12,8123742,Catalina Nunez,Araucania,Jeans Skinny Levi's,Hogar,3.0,19990,21.3,entregado,2024-09-07,47196.39,Medio
172,2024-02-17,18345130-3,Gabriel Molina,Maule,Lampara LED de Escritorio,Hogar,8.0,79990,9.8,pendiente,,577207.84,Alto
173,2024-10-22,20421005-0,Renata Campos,,Tablet Samsung A8,Tecnologia,6.0,29990,24.9,despachado,2024-10-16,135134.94,Medio
174,2024-12-18,7765574,Cristobal Avila,Valparaiso,Tablet Samsung A8,Tecnologia,1.0,79990,29.8,entregado,2024-11-28,56152.98,Alto
175,2024-04-29,19933966-0,Tomas Espinoza,Araucania,Jeans Skinny Levi's,Tecnologia,7.0,4990,18.8,entregado,2024-12-01,28363.16,Bajo
176,2024-02-15,9467646,Carlos Rodriguez,Maule,Hervidor Electrico Oster,Hogar,3.0,49990,14.3,despachado,2024-02-22,128524.29,Medio
177,2024-06-28,7908767-1,Alejandro Fuentes,Maule,Smart TV 43 LG,Tecnologia,1.0,149990,18.3,despachado,2024-04-19,122541.83,Alto
178,2024-03-12,5900077-K,Roberto Lopez,Valparaiso,Pendrive 64GB Kingston,Tecnologia,6.0,49990,28.9,despachado,2024-05-21,213257.34,Medio
179,2024-01-28,5404901-5,Carlos Rodriguez,Coquimbo,Perfume Hugo Boss,Moda,4.0,99990,22.4,despachado,2024-05-02,310368.96,Alto
180,2024-08-29,18353825-8,Nicolas Alvarez,Coquimbo,Purificador Aire Xiaomi,Tecnologia,6.0,49990,16.4,despachado,2024-02-07,250749.84,Medio
181,2024-10-01,10213591-8,Diego Morales,OHiggins,Gorra New Era,Moda,7.0,49990,21.1,pendiente,,276094.77,Medio
182,2024-01-30,9604063-0,Constanza Rojas,Valparaiso,Polera Oversize Zara,Moda,7.0,29990,120.0,entregado,2024-02-14,-41986.0,Medio
183,2024-05-17,24349219-K,Constanza Rojas,,Freidora de Aire Ultracomb,Hogar,-3.0,99990,5.0,pendiente,,-284971.5,Alto
184,2024-07-07,5086184-0,Valentina Torres,Valparaiso,Freidora de Aire Ultracomb,Hogar,1.0,39990,15.0,entregado,2024-05-10,33991.5,Medio
185,2024-01-19,14101906,Sofia Castro,OHiggins,Tablet Samsung A8,Tecnologia,7.0,39990,27.6,despachado,2024-12-31,202669.32,Medio
186,2024-01-24,20325858-0,Roberto Lopez,Araucania,Smart TV 43 LG,Tecnologia,1.0,199990,5.4,entregado,2024-02-05,189190.54,Alto
187,2024-09-09,5802295,Sofia Castro,Coquimbo,Purificador Aire Xiaomi,Hogar,10.0,29990,7.3,entregado,2024-04-10,278007.3,Medio
188,2024-06-06,8121456-0,Cristobal Avila,Metropolitana,Zapatillas Nike Air Max,Moda,1.0,39990,120.0,entregado,2024-04-15,-7998.0,Medio
189,2024-02-18,12944741-4,Antonella Bustos,OHiggins,Vestido Floral H&M,Moda,8.0,39990,29.2,pendiente,,226503.36,Medio
190,2024-04-13,11967115-7,Matias Silva,Valparaiso,Set Cuchillos Tramontina,Tecnologia,6.0,39990,13.6,despachado,2024-10-26,207308.16,Medio
191,2024-12-26,6642510-K,Francisco Diaz,Maule,Hervidor Electrico Oster,Hogar,3.0,9990,24.2,despachado,2024-11-04,22717.26,Bajo
192,2024-02-18,17490293,Nicolas Alvarez,Araucania,Notebook Lenovo IdeaPad,Tecnologia,-1.0,49990,16.7,entregado,2024-02-22,-41641.67,Medio
193,2024-02-03,16124968-1,Matias Silva,Valparaiso,Pendrive 64GB Kingston,Tecnologia,5.0,149990,27.5,pendiente,,543713.75,Alto
194,2024-01-16,9987242,Daniela Rios,Araucania,Teclado Mecanico Redragon,Tecnologia,7.0,149990,24.7,entregado,2024-12-15,790597.29,Alto
195,2024-09-02,23242091-0,Fernanda Pizarro,Metropolitana,Chaqueta Parka Columbia,Moda,5.0,199990,15.0,cancelado,,849957.5,Alto
196,2024-10-16,14426536-0,Sebastian Herrera,OHiggins,Parka Impermeable North Face,Moda,9.0,79990,23.4,despachado,2024-06-13,551451.06,Alto
197,2024-05-16,10828808-2,Ignacio Flores,OHiggins,Purificador Aire Xiaomi,Hogar,3.0,19990,3.0,entregado,2024-01-29,58170.9,Medio
198,2024-10-17,15370100-2,Maria Gonzalez,OHiggins,Lampara LED de Escritorio,Hogar,1.0,149990,21.1,entregado,2024-03-13,118342.11,Alto
199,2024-01-01,15857838-0,Carlos Rodriguez,Biobio,Notebook Lenovo IdeaPad,Tecnologia,10.0,19990,6.6,entregado,2024-11-10,186706.6,Medio
200,2024-07-10,10284953,Constanza Rojas,Maule,Jeans Skinny Levi's,Moda,9.0,9990,25.8,cancelado,,66713.22,Bajo
201,2024-07-01,10962900,Ignacio Flores,Valparaiso,Parka Impermeable North Face,Moda,9.0,14990,20.8,cancelado,,106848.72,Medio
202,2024-11-09,16637016-5,Nicolas Alvarez,,Purificador Aire Xiaomi,Hogar,3.0,4990,18.1,cancelado,,12260.43,Bajo
203,2024-02-04,18892177-7,Sofia Castro,Biobio,Webcam Logitech C920,Tecnologia,-3.0,79990,8.0,despachado,2024-05-11,-220772.4,Alto
204,2024-12-17,7489752-5,Cristobal Avila,Valparaiso,Vestido Floral H&M,Moda,-1.0,9990,23.7,entregado,2024-03-24,-7622.37,Bajo
205,2024-06-22,19569347-2,Ana Martinez,OHiggins,Plancha a Vapor Philips,Hogar,9.0,9990,28.3,cancelado,,64465.47,Bajo
206,2024-10-03,6828879-5,Isabela Reyes,Biobio,Microondas Mabe 20L,Hogar,0.0,19990,20.9,entregado,2024-12-04,0.0,Medio
207,2024-04-15,20802273,Francisco Diaz,Valparaiso,Auriculares Sony WH1000,Tecnologia,10.0,199990,14.4,pendiente,,1711914.4,Alto
208,2024-04-05,8244801,Sofia Castro,,Smart TV 43 LG,Tecnologia,3.0,49990,11.1,entregado,,133323.33,Medio
209,2024-09-24,18247436,Ignacio Flores,Araucania,Vestido Floral H&M,Moda,4.0,149990,16.6,entregado,2024-10-01,500366.64,Alto
210,2024-08-17,7629611-K,Roberto Lopez,,Perfume Hugo Boss,Moda,10.0,199990,4.4,cancelado,,1911904.4,Alto
211,2024-02-04,5414860,Sebastian Herrera,Metropolitana,Jeans Skinny Levi's,Moda,5.0,149990,9.6,entregado,2024-07-17,677954.8,Alto
212,2024-02-21,13862954,Constanza Rojas,Metropolitana,Hervidor Electrico Oster,Hogar,3.0,49990,4.4,entregado,2024-10-15,143371.32,Medio
213,2024-11-12,20945676-4,Juan Perez,OHiggins,Perfume Hugo Boss,Moda,1.0,79990,5.2,entregado,2024-12-14,75830.52,Alto
214,2024-12-16,15766554,Isabela Reyes,Metropolitana,Licuadora Oster 600W,Hogar,5.0,29990,25.3,cancelado,,112012.65,Medio
215,2024-09-05,22005227-6,Alejandro Fuentes,Coquimbo,Polera Oversize Zara,Moda,8.0,19990,6.3,entregado,2024-09-21,149845.04,Medio
216,2024-01-30,21949228,Renata Campos,Valparaiso,Perfume Hugo Boss,Moda,3.0,4990,5.8,entregado,2024-01-17,14101.74,Bajo
217,2024-08-30,14565341-0,Maria Gonzalez,OHiggins,Notebook Lenovo IdeaPad,Tecnologia,6.0,19990,14.7,entregado,2024-10-09,102308.82,Medio
218,2024-05-17,9439724-K,Daniela Rios,Maule,Pendrive 64GB Kingston,Tecnologia,4.0,19990,19.4,entregado,2024-07-28,64447.76,Medio
219,2024-12-29,22469708-9,Ignacio Flores,Maule,Monitor Samsung 24,Tecnologia,10.0,29990,24.2,despachado,2024-05-20,227324.2,Medio
220,2024-05-24,15025766-3,Sebastian Herrera,Biobio,Notebook Lenovo IdeaPad,Tecnologia,6.0,99990,16.8,entregado,2024-12-16,499150.08,Alto
221,2024-01-14,24194558-3,Catalina Nunez,,Notebook Lenovo IdeaPad,Tecnologia,7.0,149990,19.8,entregado,2024-09-11,842043.86,Alto
222,2024-12-09,20796784,Francisco Diaz,Biobio,Chaqueta Parka Columbia,Moda,9.0,199990,19.1,entregado,2024-09-16,1456127.19,Alto
223,2024-04-24,8952090-7,Antonella Bustos,Maule,Gorra New Era,Moda,6.0,14990,19.6,despachado,2024-06-06,72311.76,Medio
224,2024-09-13,11720838-5,Ignacio Flores,Metropolitana,Perfume Hugo Boss,Moda,10.0,149990,120.0,cancelado,,-299980.0,Alto
225,2024-11-19,10316200-7,Carlos Rodriguez,Valparaiso,Plancha a Vapor Philips,Hogar,3.0,39990,23.4,entregado,2024-06-09,91897.02,Medio
226,2024-07-15,22818537-3,Javiera Vega,Metropolitana,Vestido Floral H&M,Tecnologia,7.0,199990,12.1,cancelado,,1230538.47,Alto
227,2024-09-14,22586469-5,Cristobal Avila,OHiggins,Monitor Samsung 24,Tecnologia,-3.0,19990,9.4,pendiente,,-54332.82,Medio
228,2024-07-25,6253708,Francisco Diaz,Metropolitana,Jeans Skinny Levi's,Moda,8.0,39990,120.0,despachado,2024-04-26,-63984.0,Medio
229,2024-11-30,10138092,Javiera Vega,Coquimbo,Perfume Hugo Boss,Tecnologia,10.0,4990,29.8,entregado,2024-01-11,35029.8,Bajo
230,2024-05-18,14486065-1,Constanza Rojas,OHiggins,Zapatillas Nike Air Max,Moda,7.0,29990,19.8,entregado,2024-11-06,168363.86,Medio
231,2024-07-02,21128405-5,Juan Perez,Maule,Pendrive 64GB Kingston,Tecnologia,5.0,19990,24.9,cancelado,,75062.45,Medio
232,2024-02-16,14932856-4,Maria Gonzalez,Coquimbo,Mouse Inalambrico Logitech,Tecnologia,10.0,9990,20.1,pendiente,,79820.1,Bajo
233,2024-08-06,19687261-9,Cristobal Avila,Maule,Teclado Mecanico Redragon,Tecnologia,5.0,4990,10.8,entregado,2024-02-29,22255.4,Bajo
234,2024-08-21,9446350-0,Ana Martinez,Biobio,Polera Oversize Zara,Moda,6.0,39990,5.5,entregado,2024-07-16,226743.3,Medio
235,2024-07-13,21209463-7,Cristobal Avila,Coquimbo,Purificador Aire Xiaomi,Hogar,10.0,79990,20.4,despachado,2024-07-02,636720.4,Alto
236,2024-12-26,16351485,Tomas Espinoza,Coquimbo,Cafetera De Longhi,Hogar,2.0,4990,7.8,despachado,2024-12-13,9201.56,Bajo
237,2024-06-26,5390736-K,Sebastian Herrera,Maule,Perfume Hugo Boss,Moda,7.0,9990,19.9,despachado,2024-12-12,56013.93,Bajo
238,2024-06-18,19904505-9,Pedro Muñoz,,Cafetera De Longhi,Hogar,2.0,14990,22.5,despachado,2024-01-26,23234.5,Medio
239,2024-01-10,15220611,Roberto Lopez,Metropolitana,Cafetera De Longhi,Hogar,-1.0,39990,29.4,entregado,2024-07-25,-28232.94,Medio
240,2024-08-20,8269443-K,Juan Perez,Biobio,Zapatillas Adidas Ultraboost,Moda,6.0,39990,24.8,entregado,,180434.88,Medio
241,2024-02-24,11574033-3,Renata Campos,Metropolitana,Lampara LED de Escritorio,Hogar,5.0,199990,16.4,entregado,2024-03-25,835958.2,Alto
242,2024-07-31,24774169-8,Constanza Rojas,Metropolitana,Microondas Mabe 20L,Hogar,4.0,79990,21.5,pendiente,,251168.6,Alto
243,2024-09-04,15799284-8,Isabela Reyes,OHiggins,Smart TV 43 LG,Tecnologia,9.0,4990,28.1,entregado,2024-03-31,32290.29,Bajo
244,2024-08-19,23381318,Catalina Nunez,Coquimbo,Chaqueta Parka Columbia,Moda,7.0,29990,28.9,cancelado,,149260.23,Medio
245,2024-06-25,15817324-1,Paula Mendez,Maule,Chaqueta Parka Columbia,Moda,4.0,19990,18.7,despachado,2024-03-08,65007.48,Medio
246,2024-09-30,6899341-3,Alejandro Fuentes,,Purificador Aire Xiaomi,Hogar,-1.0,149990,120.0,cancelado,,29998.0,Alto
247,2024-05-31,23853731,Nicolas Alvarez,Valparaiso,Auriculares Sony WH1000,Tecnologia,5.0,199990,4.4,pendiente,,955952.2,Alto
248,2024-05-27,23526227-0,Catalina Nunez,Maule,Vestido Floral H&M,Moda,9.0,19990,23.5,entregado,2024-12-06,137631.15,Medio
249,2024-12-26,11492705-4,Lucia Fernandez,Maule,Microondas Mabe 20L,Hogar,8.0,149990,24.9,cancelado,,901139.92,Alto
250,2024-01-21,20647483-2,Carlos Rodriguez,,Polera Oversize Zara,Moda,3.0,14990,22.1,pendiente,,35031.63,Medio
251,2024-10-20,10347586,Paula Mendez,OHiggins,Purificador Aire Xiaomi,Hogar,10.0,4990,25.3,despachado,2024-07-02,37275.3,Bajo
252,2024-06-18,5295403,Sofia Castro,Biobio,Hervidor Electrico Oster,Hogar,4.0,39990,26.5,entregado,,117570.6,Medio
253,2024-01-21,5828986-8,Sebastian Herrera,Maule,Microondas Mabe 20L,Hogar,10.0,199990,27.6,despachado,2024-06-13,1447927.6,Alto
254,2024-06-13,7196869,Nicolas Alvarez,,Zapatillas Adidas Ultraboost,Moda,1.0,79990,8.9,entregado,2024-02-12,72870.89,Alto
255,2024-08-10,6820934-2,Paula Mendez,Maule,Disco SSD 500GB,Tecnologia,4.0,9990,16.1,entregado,2024-02-06,33526.44,Bajo
256,2024-07-26,24649744,Antonella Bustos,Araucania,Pendrive 64GB Kingston,Tecnologia,5.0,19990,12.2,entregado,2024-06-10,87756.1,Medio
257,2024-11-06,22900207-3,Catalina Nunez,Metropolitana,Webcam Logitech C920,Tecnologia,2.0,99990,8.7,entregado,2024-05-24,182581.74,Alto
258,2024-11-27,24217247-9,Paula Mendez,,Freidora de Aire Ultracomb,Hogar,3.0,29990,8.9,cancelado,,81962.67,Medio
259,2024-06-25,13480606-3,Lucia Fernandez,Valparaiso,Polera Oversize Zara,Moda,4.0,29990,22.4,cancelado,,93088.96,Medio
260,2024-05-28,12869616-1,Daniela Rios,Maule,Perfume Hugo Boss,Moda,9.0,4990,13.8,entregado,2024-02-04,38712.42,Bajo
261,2024-06-05,15509744-3,Tomas Espinoza,Maule,Monitor Samsung 24,Tecnologia,8.0,39990,13.5,entregado,2024-10-26,276730.8,Medio
262,2024-09-02,14415908,Roberto Lopez,Araucania,Vestido Floral H&M,Moda,6.0,29990,4.0,entregado,2024-08-16,172742.4,Medio
263,2024-10-24,20841179-K,Sofia Castro,OHiggins,Hervidor Electrico Oster,Hogar,-3.0,9990,25.5,entregado,2024-07-26,-22327.65,Bajo
264,2024-02-16,10564786-8,Matias Silva,Araucania,Microondas Mabe 20L,Hogar,5.0,149990,4.0,entregado,2024-07-05,719952.0,Alto
265,2024-09-04,22377344-5,Constanza Rojas,Biobio,Teclado Mecanico Redragon,Moda,10.0,149990,19.8,cancelado,,1202919.8,Alto
266,2024-11-20,17700973,Nicolas Alvarez,Coquimbo,Aspiradora Robot Xiaomi,Hogar,6.0,4990,3.1,cancelado,,29011.86,Bajo
267,2024-07-26,10556809-3,Sebastian Herrera,Biobio,Smart TV 43 LG,Tecnologia,7.0,29990,29.2,despachado,2024-06-25,148630.44,Medio
268,2024-03-01,24823653,Gabriel Molina,Maule,Bolso Cuero Sintético,Moda,3.0,19990,5.6,entregado,2024-04-27,56611.68,Medio
269,2024-03-09,23911435-K,Cristobal Avila,Maule,Aspiradora Robot Xiaomi,Tecnologia,1.0,19990,3.8,entregado,2024-09-19,19230.38,Medio
270,2024-09-03,22139768-4,Catalina Nunez,Valparaiso,Bolso Cuero Sintético,Moda,4.0,9990,13.5,cancelado,,34565.4,Bajo
271,2024-07-16,6309849,Alejandro Fuentes,Valparaiso,Parka Impermeable North Face,Moda,10.0,79990,17.7,despachado,2024-02-25,658317.7,Alto
272,2024-01-01,21177378-6,Ignacio Flores,Coquimbo,Mouse Inalambrico Logitech,Tecnologia,3.0,79990,-5.0,entregado,,251968.5,Alto
273,2024-04-29,5238708,Ana Martinez,Coquimbo,Perfume Hugo Boss,Moda,7.0,9990,4.0,entregado,2024-02-12,67132.8,Bajo
274,2024-07-04,14246277-K,Alejandro Fuentes,Metropolitana,Zapatillas Nike Air Max,Moda,4.0,49990,20.6,despachado,2024-03-20,158768.24,Medio
275,2024-10-11,8995855-3,Fernanda Pizarro,Araucania,Disco SSD 500GB,Tecnologia,9.0,99990,14.5,entregado,2024-05-09,769423.05,Alto
276,2024-10-08,9876413,Isabela Reyes,OHiggins,Jeans Skinny Levi's,Moda,4.0,9990,15.3,entregado,2024-12-22,33846.12,Bajo
277,2024-07-15,19729457-0,Antonella Bustos,Araucania,Mouse Inalambrico Logitech,Tecnologia,4.0,29990,120.0,entregado,2024-11-10,-23992.0,Medio
278,2024-09-21,7913961-4,Sofia Castro,Maule,Gorra New Era,Moda,4.0,29990,1.0,entregado,2024-04-28,118760.4,Medio
279,2024-12-26,16659329-4,Daniela Rios,Metropolitana,Vestido Floral H&M,Moda,10.0,49990,6.0,pendiente,,469906.0,Medio
280,2024-09-16,23049042-9,Tomas Espinoza,Metropolitana,Tablet Samsung A8,Hogar,10.0,49990,0.1,despachado,2024-10-13,499400.1,Medio
281,2024-08-22,12394803,Valentina Torres,Maule,Set Cuchillos Tramontina,Hogar,8.0,149990,23.1,entregado,2024-08-23,922738.48,Alto
282,2024-05-14,24250601-4,Catalina Nunez,Valparaiso,Set Cuchillos Tramontina,Hogar,9.0,39990,16.1,entregado,,301964.49,Medio
283,2024-05-15,7633605,Constanza Rojas,Valparaiso,Chaqueta Parka Columbia,Moda,4.0,79990,7.0,despachado,2024-04-27,297562.8,Alto
284,2024-06-10,12452197-9,Maria Gonzalez,Araucania,Zapatillas Nike Air Max,Moda,1.0,99990,25.4,entregado,2024-10-21,74592.54,Alto
285,2024-12-17,12071676,Ana Martinez,,Vestido Floral H&M,Moda,9.0,79990,1.0,despachado,2024-03-30,712710.9,Alto
286,2024-05-17,17249984-6,Matias Silva,Araucania,Lampara LED de Escritorio,Hogar,5.0,149990,5.6,despachado,2024-11-09,707952.8,Alto
287,2024-05-18,20870810-0,Isabela Reyes,Coquimbo,Pendrive 64GB Kingston,Tecnologia,10.0,14990,20.6,entregado,2024-04-30,119020.6,Medio
288,2024-09-06,13532545,Ana Martinez,,Plancha a Vapor Philips,Hogar,9.0,199990,16.0,despachado,2024-05-08,1511924.4,Alto
289,2024-05-11,23066989-2,Sofia Castro,Biobio,Lampara LED de Escritorio,Hogar,6.0,29990,10.8,entregado,2024-01-11,160506.48,Medio
290,2024-05-26,24180974-6,Pedro Muñoz,Araucania,Freidora de Aire Ultracomb,Hogar,8.0,79990,26.7,entregado,2024-11-19,469061.36,Alto
291,2024-05-16,22479701-7,Lucia Fernandez,OHiggins,Webcam Logitech C920,Tecnologia,6.0,19990,9.5,despachado,2024-11-26,108545.7,Medio
292,2024-12-24,6806082-0,Sebastian Herrera,Maule,Notebook Lenovo IdeaPad,Tecnologia,4.0,14990,19.9,cancelado,,48027.96,Medio
293,2024-07-18,5958693,Sofia Castro,Biobio,Mouse Inalambrico Logitech,Tecnologia,10.0,29990,4.7,entregado,2024-04-27,285804.7,Medio
294,2024-03-10,22564396,Paula Mendez,Maule,Cafetera De Longhi,Hogar,9.0,79990,28.0,entregado,2024-10-03,518335.2,Alto
295,2024-06-06,16538863-4,Paula Mendez,Biobio,Lampara LED de Escritorio,Hogar,0.0,79990,6.8,pendiente,,0.0,Alto
296,2024-05-29,13385122,Catalina Nunez,OHiggins,Tablet Samsung A8,Tecnologia,5.0,79990,0.3,entregado,2024-04-28,398750.15,Alto
297,2024-05-02,18854755-3,Lucia Fernandez,OHiggins,Vestido Floral H&M,Moda,4.0,49990,7.9,entregado,2024-11-09,184163.16,Medio
298,2024-11-14,9195619,Juan Perez,Araucania,Auriculares Sony WH1000,Tecnologia,8.0,9990,105.0,despachado,2024-04-06,-3996.0,Bajo
299,2024-06-08,9901894-0,Alejandro Fuentes,Coquimbo,Mouse Inalambrico Logitech,Tecnologia,1.0,14990,14.8,despachado,2024-09-12,12771.48,Medio
300,2024-05-08,19863302,Maria Gonzalez,Coquimbo,Hervidor Electrico Oster,Hogar,8.0,99990,5.4,cancelado,,756724.32,Alto
